<annotation>
	<folder>images</folder>
	<filename>videoplayback1643.jpg</filename>
	<path>C:\Users\papal\Documents\Berkeley\Deep_Learning_in_the_Cloud\hw8\data\MIDS_HW8\images\videoplayback1643.jpg</path>
	<source>
		<database>Unknown</database>
	</source>
	<size>
		<width>1000</width>
		<height>563</height>
		<depth>3</depth>
	</size>
	<segmented>0</segmented>
	<object>
		<name>MF</name>
		<pose>Unspecified</pose>
		<truncated>0</truncated>
		<difficult>0</difficult>
		<bndbox>
			<xmin>281</xmin>
			<ymin>271</ymin>
			<xmax>884</xmax>
			<ymax>446</ymax>
		</bndbox>
	</object>
	<object>
		<name>tie_fighter</name>
		<pose>Unspecified</pose>
		<truncated>0</truncated>
		<difficult>0</difficult>
		<bndbox>
			<xmin>604</xmin>
			<ymin>238</ymin>
			<xmax>632</xmax>
			<ymax>259</ymax>
		</bndbox>
	</object>
	<object>
		<name>tie_fighter</name>
		<pose>Unspecified</pose>
		<truncated>0</truncated>
		<difficult>0</difficult>
		<bndbox>
			<xmin>718</xmin>
			<ymin>248</ymin>
			<xmax>750</xmax>
			<ymax>277</ymax>
		</bndbox>
	</object>
</annotation>
