<annotation>
	<folder>images</folder>
	<filename>videoplayback0730.jpg</filename>
	<path>C:\Users\papal\Documents\Berkeley\Deep_Learning_in_the_Cloud\hw8\data\MIDS_HW8\images\videoplayback0730.jpg</path>
	<source>
		<database>Unknown</database>
	</source>
	<size>
		<width>1000</width>
		<height>563</height>
		<depth>3</depth>
	</size>
	<segmented>0</segmented>
	<object>
		<name>MF</name>
		<pose>Unspecified</pose>
		<truncated>0</truncated>
		<difficult>0</difficult>
		<bndbox>
			<xmin>74</xmin>
			<ymin>234</ymin>
			<xmax>559</xmax>
			<ymax>366</ymax>
		</bndbox>
	</object>
</annotation>
