<annotation>
	<folder>images</folder>
	<filename>videoplayback1820.jpg</filename>
	<path>C:\Users\papal\Documents\Berkeley\Deep_Learning_in_the_Cloud\hw8\data\MIDS_HW8\images\videoplayback1820.jpg</path>
	<source>
		<database>Unknown</database>
	</source>
	<size>
		<width>1000</width>
		<height>563</height>
		<depth>3</depth>
	</size>
	<segmented>0</segmented>
	<object>
		<name>MF</name>
		<pose>Unspecified</pose>
		<truncated>0</truncated>
		<difficult>0</difficult>
		<bndbox>
			<xmin>58</xmin>
			<ymin>230</ymin>
			<xmax>806</xmax>
			<ymax>455</ymax>
		</bndbox>
	</object>
	<object>
		<name>tie_fighter</name>
		<pose>Unspecified</pose>
		<truncated>0</truncated>
		<difficult>0</difficult>
		<bndbox>
			<xmin>213</xmin>
			<ymin>133</ymin>
			<xmax>283</xmax>
			<ymax>201</ymax>
		</bndbox>
	</object>
	<object>
		<name>tie_fighter</name>
		<pose>Unspecified</pose>
		<truncated>0</truncated>
		<difficult>0</difficult>
		<bndbox>
			<xmin>276</xmin>
			<ymin>198</ymin>
			<xmax>314</xmax>
			<ymax>225</ymax>
		</bndbox>
	</object>
</annotation>
