<annotation>
	<folder>images</folder>
	<filename>videoplayback0051.jpg</filename>
	<path>C:\Users\papal\Documents\Berkeley\Deep_Learning_in_the_Cloud\hw8\data\MIDS_HW8\images\videoplayback0051.jpg</path>
	<source>
		<database>Unknown</database>
	</source>
	<size>
		<width>1000</width>
		<height>563</height>
		<depth>3</depth>
	</size>
	<segmented>0</segmented>
	<object>
		<name>tie_fighter</name>
		<pose>Unspecified</pose>
		<truncated>0</truncated>
		<difficult>0</difficult>
		<bndbox>
			<xmin>132</xmin>
			<ymin>145</ymin>
			<xmax>147</xmax>
			<ymax>160</ymax>
		</bndbox>
	</object>
	<object>
		<name>tie_fighter</name>
		<pose>Unspecified</pose>
		<truncated>0</truncated>
		<difficult>0</difficult>
		<bndbox>
			<xmin>153</xmin>
			<ymin>163</ymin>
			<xmax>171</xmax>
			<ymax>179</ymax>
		</bndbox>
	</object>
</annotation>
