<annotation>
	<folder>images</folder>
	<filename>videoplayback1591.jpg</filename>
	<path>C:\Users\papal\Documents\Berkeley\Deep_Learning_in_the_Cloud\hw8\data\MIDS_HW8\images\videoplayback1591.jpg</path>
	<source>
		<database>Unknown</database>
	</source>
	<size>
		<width>1000</width>
		<height>563</height>
		<depth>3</depth>
	</size>
	<segmented>0</segmented>
	<object>
		<name>tie_fighter</name>
		<pose>Unspecified</pose>
		<truncated>0</truncated>
		<difficult>0</difficult>
		<bndbox>
			<xmin>51</xmin>
			<ymin>109</ymin>
			<xmax>163</xmax>
			<ymax>200</ymax>
		</bndbox>
	</object>
	<object>
		<name>tie_fighter</name>
		<pose>Unspecified</pose>
		<truncated>0</truncated>
		<difficult>0</difficult>
		<bndbox>
			<xmin>77</xmin>
			<ymin>173</ymin>
			<xmax>141</xmax>
			<ymax>222</ymax>
		</bndbox>
	</object>
</annotation>
