<annotation>
	<folder>images</folder>
	<filename>videoplayback1619.jpg</filename>
	<path>C:\Users\papal\Documents\Berkeley\Deep_Learning_in_the_Cloud\hw8\data\MIDS_HW8\images\videoplayback1619.jpg</path>
	<source>
		<database>Unknown</database>
	</source>
	<size>
		<width>1000</width>
		<height>563</height>
		<depth>3</depth>
	</size>
	<segmented>0</segmented>
	<object>
		<name>tie_fighter</name>
		<pose>Unspecified</pose>
		<truncated>0</truncated>
		<difficult>0</difficult>
		<bndbox>
			<xmin>855</xmin>
			<ymin>194</ymin>
			<xmax>959</xmax>
			<ymax>279</ymax>
		</bndbox>
	</object>
	<object>
		<name>tie_fighter</name>
		<pose>Unspecified</pose>
		<truncated>0</truncated>
		<difficult>0</difficult>
		<bndbox>
			<xmin>713</xmin>
			<ymin>251</ymin>
			<xmax>761</xmax>
			<ymax>292</ymax>
		</bndbox>
	</object>
	<object>
		<name>MF</name>
		<pose>Unspecified</pose>
		<truncated>0</truncated>
		<difficult>0</difficult>
		<bndbox>
			<xmin>261</xmin>
			<ymin>291</ymin>
			<xmax>859</xmax>
			<ymax>455</ymax>
		</bndbox>
	</object>
</annotation>
